Datetime,Water Level (m)
2025-02-15 00:00:00,-0.17999734
2025-02-15 01:00:00,-0.39312124
2025-02-15 02:00:00,-0.5894639
2025-02-15 03:00:00,-0.7523526
2025-02-15 04:00:00,-0.852448
2025-02-15 05:00:00,-0.5595399
2025-02-15 06:00:00,-0.11922704
2025-02-15 07:00:00,0.25812042
2025-02-15 08:00:00,0.5046426
2025-02-15 09:00:00,0.5518389
2025-02-15 10:00:00,0.31118315
2025-02-15 11:00:00,0.01728352
2025-02-15 12:00:00,-0.2144306
2025-02-15 13:00:00,-0.4226424
2025-02-15 14:00:00,-0.6090454
2025-02-15 15:00:00,-0.7619076
2025-02-15 16:00:00,-0.8456658
2025-02-15 17:00:00,-0.48708338
2025-02-15 18:00:00,-0.053119212
2025-02-15 19:00:00,0.33087552
2025-02-15 20:00:00,0.59530294
2025-02-15 21:00:00,0.6546982
2025-02-15 22:00:00,0.41440985
2025-02-15 23:00:00,0.109560676
2025-02-16 00:00:00,-0.13928026
2025-02-16 01:00:00,-0.35662785
2025-02-16 02:00:00,-0.5545827
2025-02-16 03:00:00,-0.7238894
2025-02-16 04:00:00,-0.85852605
2025-02-16 05:00:00,-0.7996245
2025-02-16 06:00:00,-0.3194241
2025-02-16 07:00:00,0.08498434
2025-02-16 08:00:00,0.3790446
2025-02-16 09:00:00,0.51659966
2025-02-16 10:00:00,0.39719203
2025-02-16 11:00:00,0.10404108
2025-02-16 12:00:00,-0.14238232
2025-02-16 13:00:00,-0.35358113
2025-02-16 14:00:00,-0.5408647
2025-02-16 15:00:00,-0.7014452
2025-02-16 16:00:00,-0.82161784
2025-02-16 17:00:00,-0.72857773
2025-02-16 18:00:00,-0.2695967
2025-02-16 19:00:00,0.124792226
2025-02-16 20:00:00,0.43300226
2025-02-16 21:00:00,0.5868659
2025-02-16 22:00:00,0.47780535
2025-02-16 23:00:00,0.16986836
2025-02-17 00:00:00,-0.09345502
2025-02-17 01:00:00,-0.30979663
2025-02-17 02:00:00,-0.514422
2025-02-17 03:00:00,-0.6887164
2025-02-17 04:00:00,-0.8330999
2025-02-17 05:00:00,-0.89498466
2025-02-17 06:00:00,-0.52373445
2025-02-17 07:00:00,-0.12353618
2025-02-17 08:00:00,0.20933329
2025-02-17 09:00:00,0.420096
2025-02-17 10:00:00,0.441893
2025-02-17 11:00:00,0.20731844
2025-02-17 12:00:00,-0.060206767
2025-02-17 13:00:00,-0.28097597
2025-02-17 14:00:00,-0.46818194
2025-02-17 15:00:00,-0.6400237
2025-02-17 16:00:00,-0.76979697
2025-02-17 17:00:00,-0.81403565
2025-02-17 18:00:00,-0.46378806
2025-02-17 19:00:00,-0.08833968
2025-02-17 20:00:00,0.22537683
2025-02-17 21:00:00,0.4343768
2025-02-17 22:00:00,0.44819587
2025-02-17 23:00:00,0.20624058
2025-02-18 00:00:00,-0.06488698
2025-02-18 01:00:00,-0.29085445
2025-02-18 02:00:00,-0.48585305
2025-02-18 03:00:00,-0.65894514
2025-02-18 04:00:00,-0.80957776
2025-02-18 05:00:00,-0.9126278
2025-02-18 06:00:00,-0.7335976
2025-02-18 07:00:00,-0.32278734
2025-02-18 08:00:00,0.016767656
2025-02-18 09:00:00,0.2680207
2025-02-18 10:00:00,0.38838258
2025-02-18 11:00:00,0.30112585
2025-02-18 12:00:00,0.04508673
2025-02-18 13:00:00,-0.1823043
2025-02-18 14:00:00,-0.37391174
2025-02-18 15:00:00,-0.5436178
2025-02-18 16:00:00,-0.68176216
2025-02-18 17:00:00,-0.7677563
2025-02-18 18:00:00,-0.5861736
2025-02-18 19:00:00,-0.22322838
2025-02-18 20:00:00,0.08119911
2025-02-18 21:00:00,0.3011022
2025-02-18 22:00:00,0.38248795
2025-02-18 23:00:00,0.2422887
2025-02-19 00:00:00,-0.021186825
2025-02-19 01:00:00,-0.24392705
2025-02-19 02:00:00,-0.44051582
2025-02-19 03:00:00,-0.6132428
2025-02-19 04:00:00,-0.758712
2025-02-19 05:00:00,-0.8681125
2025-02-19 06:00:00,-0.8347348
2025-02-19 07:00:00,-0.48019373
2025-02-19 08:00:00,-0.15834326
2025-02-19 09:00:00,0.10480412
2025-02-19 10:00:00,0.28035322
2025-02-19 11:00:00,0.31695816
2025-02-19 12:00:00,0.16346495
2025-02-19 13:00:00,-0.070949435
2025-02-19 14:00:00,-0.27059433
2025-02-19 15:00:00,-0.4420514
2025-02-19 16:00:00,-0.5829454
2025-02-19 17:00:00,-0.682571
2025-02-19 18:00:00,-0.64043033
2025-02-19 19:00:00,-0.35235062
2025-02-19 20:00:00,-0.08783845
2025-02-19 21:00:00,0.122059725
2025-02-19 22:00:00,0.23250557
2025-02-19 23:00:00,0.19260699
2025-02-20 00:00:00,-0.0084854625
2025-02-20 01:00:00,-0.21701667
2025-02-20 02:00:00,-0.40215683
2025-02-20 03:00:00,-0.56543404
2025-02-20 04:00:00,-0.70538306
2025-02-20 05:00:00,-0.81290346
2025-02-20 06:00:00,-0.8474466
2025-02-20 07:00:00,-0.6108453
2025-02-20 08:00:00,-0.3143242
2025-02-20 09:00:00,-0.062489375
2025-02-20 10:00:00,0.12229885
2025-02-20 11:00:00,0.20519735
2025-02-20 12:00:00,0.17154491
2025-02-20 13:00:00,-0.001982461
2025-02-20 14:00:00,-0.18990554
2025-02-20 15:00:00,-0.35175443
2025-02-20 16:00:00,-0.483457
2025-02-20 17:00:00,-0.5788638
2025-02-20 18:00:00,-0.6160444
2025-02-20 19:00:00,-0.53243816
2025-02-20 20:00:00,-0.32854924
2025-02-20 21:00:00,-0.13586254
2025-02-20 22:00:00,0.0023289686
2025-02-20 23:00:00,0.054543518
2025-02-21 00:00:00,-0.02955824
